path,line,column,macro,expanded_ast_nodes
engine/boa/core/engine/src/jit/arithmetic.rs,64,34,offset_of!...,0
engine/boa/core/engine/src/jit/arithmetic.rs,69,34,offset_of!...,0
engine/boa/core/engine/src/jit/arithmetic.rs,74,34,offset_of!...,0
engine/boa/core/engine/src/jit/arithmetic.rs,79,34,offset_of!...,0
engine/boa/core/engine/src/jit/arithmetic.rs,84,34,offset_of!...,0
engine/boa/core/engine/src/jit/arithmetic.rs,89,34,offset_of!...,0
engine/boa/core/engine/src/jit/arithmetic.rs,94,34,offset_of!...,0
engine/boa/core/engine/src/jit/arithmetic.rs,2195,9,...::panic_2021!...,0
engine/boa/core/engine/src/jit/arithmetic.rs,2195,9,assert!...,30
engine/boa/core/engine/src/jit/mod.rs,356,9,...::panic_2021!...,0
engine/boa/core/engine/src/jit/mod.rs,356,9,assert!...,30
engine/boa/core/engine/src/jit/runtime_call.rs,222,1,...::const_assert!...,41
engine/boa/core/engine/src/jit/runtime_call.rs,222,34,offset_of!...,0
engine/boa/core/engine/src/module/loader/mod.rs,214,10,Fn!...,9
engine/boa/core/engine/src/module/loader/mod.rs,214,14,...::__Fn!...,0
engine/boa/core/engine/src/module/loader/mod.rs,234,10,Fn!...,9
engine/boa/core/engine/src/module/loader/mod.rs,234,14,...::__Fn!...,0
engine/boa/tests/macros/tests/embedded.rs,67,33,...::__embed_module_inner!...,9
engine/boa/tests/macros/tests/embedded.rs,67,33,...::compile_error!...,0
engine/boa/tests/macros/tests/embedded.rs,67,33,embed_module!...,36
engine/boa/tests/macros/tests/embedded.rs,77,33,...::__embed_module_inner!...,9
engine/boa/tests/macros/tests/embedded.rs,77,33,...::compile_error!...,0
engine/boa/tests/macros/tests/embedded.rs,77,33,embed_module!...,36
tests/jit_code_memory.rs,53,5,...::panic_2021!...,0
tests/jit_code_memory.rs,53,5,assert!...,30
