col0,col1,col2,col3,col4
engine/boa/tests/macros/tests/embedded.rs,19,5,assert_eq!...,112
engine/boa/tests/macros/tests/embedded.rs,20,5,assert_eq!...,112
engine/boa/tests/macros/tests/embedded.rs,36,13,assert!...,65
engine/boa/tests/macros/tests/embedded.rs,38,17,...::panic_2021!...,36
engine/boa/tests/macros/tests/embedded.rs,38,17,...::const_format_args!...,10
engine/boa/tests/macros/tests/embedded.rs,44,22,js_string!...,69
engine/boa/tests/macros/tests/embedded.rs,44,33,...::js_str!...,22
engine/boa/tests/macros/tests/embedded.rs,49,13,assert_eq!...,126
engine/boa/tests/macros/tests/embedded.rs,52,17,...::format_args!...,10
engine/boa/tests/macros/tests/embedded.rs,56,40,panic!...,51
engine/boa/tests/macros/tests/embedded.rs,57,13,...::panic_2021!...,39
engine/boa/tests/macros/tests/embedded.rs,57,13,...::const_format_args!...,15
engine/boa/tests/macros/tests/embedded.rs,60,34,panic!...,38
engine/boa/tests/macros/tests/embedded.rs,60,41,...::panic_2021!...,26
engine/boa/tests/macros/tests/embedded.rs,60,41,...::const_format_args!...,2
engine/boa/tests/macros/tests/embedded.rs,67,33,embed_module!...,36
engine/boa/tests/macros/tests/embedded.rs,67,33,...::__embed_module_inner!...,9
engine/boa/tests/macros/tests/embedded.rs,67,33,...::compile_error!...,0
engine/boa/tests/macros/tests/embedded.rs,77,33,embed_module!...,36
engine/boa/tests/macros/tests/embedded.rs,77,33,...::__embed_module_inner!...,9
engine/boa/tests/macros/tests/embedded.rs,77,33,...::compile_error!...,0
tests/jit_code_memory.rs,34,5,assert_eq!...,94
tests/jit_code_memory.rs,36,5,assert_eq!...,94
tests/jit_code_memory.rs,42,5,assert_eq!...,106
tests/jit_code_memory.rs,47,5,assert_eq!...,101
tests/jit_code_memory.rs,51,5,assert!...,48
tests/jit_code_memory.rs,51,5,...::panic_2021!...,15
tests/jit_code_memory.rs,53,5,assert!...,30
tests/jit_code_memory.rs,53,5,...::panic_2021!...,0
tests/jit_code_memory.rs,54,5,assert!...,61
tests/jit_code_memory.rs,56,9,...::panic_2021!...,30
tests/jit_code_memory.rs,56,9,...::const_format_args!...,4
tests/jit_code_memory.rs,74,5,assert!...,79
tests/jit_code_memory.rs,74,5,...::panic_2021!...,15
tests/jit_code_memory.rs,74,13,matches!...,36
tests/jit_code_memory.rs,78,5,assert_eq!...,105
tests/jit_code_memory.rs,79,5,assert!...,52
tests/jit_code_memory.rs,79,5,...::panic_2021!...,15
tests/jit_code_memory.rs,80,5,assert!...,79
tests/jit_code_memory.rs,80,5,...::panic_2021!...,15
tests/jit_code_memory.rs,80,13,matches!...,36
tests/jit_code_memory.rs,101,5,assert_eq!...,105
tests/jit_code_memory.rs,102,5,assert_eq!...,105
tests/jit_code_memory.rs,103,5,assert!...,79
tests/jit_code_memory.rs,103,5,...::panic_2021!...,15
tests/jit_code_memory.rs,103,13,matches!...,36
tests/jit_code_memory.rs,107,5,assert!...,79
tests/jit_code_memory.rs,107,5,...::panic_2021!...,15
tests/jit_code_memory.rs,107,13,matches!...,36
engine/boa/core/engine/src/jit/arithmetic.rs,60,1,...::const_assert!...,41
engine/boa/core/engine/src/jit/arithmetic.rs,64,34,offset_of!...,0
engine/boa/core/engine/src/jit/arithmetic.rs,65,1,...::const_assert!...,41
engine/boa/core/engine/src/jit/arithmetic.rs,69,34,offset_of!...,0
engine/boa/core/engine/src/jit/arithmetic.rs,70,1,...::const_assert!...,41
engine/boa/core/engine/src/jit/arithmetic.rs,74,34,offset_of!...,0
engine/boa/core/engine/src/jit/arithmetic.rs,75,1,...::const_assert!...,41
engine/boa/core/engine/src/jit/arithmetic.rs,79,34,offset_of!...,0
engine/boa/core/engine/src/jit/arithmetic.rs,80,1,...::const_assert!...,41
engine/boa/core/engine/src/jit/arithmetic.rs,84,34,offset_of!...,0
engine/boa/core/engine/src/jit/arithmetic.rs,85,1,...::const_assert!...,41
engine/boa/core/engine/src/jit/arithmetic.rs,89,34,offset_of!...,0
engine/boa/core/engine/src/jit/arithmetic.rs,90,1,...::const_assert!...,41
engine/boa/core/engine/src/jit/arithmetic.rs,94,34,offset_of!...,0
engine/boa/core/engine/src/jit/arithmetic.rs,308,31,vec!...,21
engine/boa/core/engine/src/jit/arithmetic.rs,377,9,...::cfg!...,1
engine/boa/core/engine/src/jit/arithmetic.rs,377,9,debug_assert_eq!...,133
engine/boa/core/engine/src/jit/arithmetic.rs,377,26,...::assert_eq!...,108
engine/boa/core/engine/src/jit/arithmetic.rs,479,5,...::cfg!...,1
engine/boa/core/engine/src/jit/arithmetic.rs,479,5,debug_assert_eq!...,126
engine/boa/core/engine/src/jit/arithmetic.rs,479,22,...::assert_eq!...,101
engine/boa/core/engine/src/jit/arithmetic.rs,480,5,...::cfg!...,1
engine/boa/core/engine/src/jit/arithmetic.rs,480,5,debug_assert_eq!...,130
engine/boa/core/engine/src/jit/arithmetic.rs,480,22,...::assert_eq!...,105
engine/boa/core/engine/src/jit/arithmetic.rs,481,5,...::cfg!...,1
engine/boa/core/engine/src/jit/arithmetic.rs,481,5,debug_assert_eq!...,130
engine/boa/core/engine/src/jit/arithmetic.rs,481,22,...::assert_eq!...,105
engine/boa/core/engine/src/jit/arithmetic.rs,482,5,...::cfg!...,1
engine/boa/core/engine/src/jit/arithmetic.rs,482,5,debug_assert_eq!...,130
engine/boa/core/engine/src/jit/arithmetic.rs,482,22,...::assert_eq!...,105
engine/boa/core/engine/src/jit/arithmetic.rs,491,17,unreachable!...,79
engine/boa/core/engine/src/jit/arithmetic.rs,491,30,...::format_args!...,2
engine/boa/core/engine/src/jit/arithmetic.rs,491,30,...::panic_2021!...,40
engine/boa/core/engine/src/jit/arithmetic.rs,491,30,...::unreachable_2021!...,65
engine/boa/core/engine/src/jit/arithmetic.rs,491,30,...::panic!...,54
engine/boa/core/engine/src/jit/arithmetic.rs,491,30,...::const_format_args!...,14
engine/boa/core/engine/src/jit/arithmetic.rs,504,22,unreachable!...,71
engine/boa/core/engine/src/jit/arithmetic.rs,504,35,...::format_args!...,2
engine/boa/core/engine/src/jit/arithmetic.rs,504,35,...::panic_2021!...,38
engine/boa/core/engine/src/jit/arithmetic.rs,504,35,...::unreachable_2021!...,59
engine/boa/core/engine/src/jit/arithmetic.rs,504,35,...::panic!...,50
engine/boa/core/engine/src/jit/arithmetic.rs,504,35,...::const_format_args!...,14
engine/boa/core/engine/src/jit/arithmetic.rs,544,17,writeln!...,20
engine/boa/core/engine/src/jit/arithmetic.rs,546,21,...::format_args_nl!...,4
engine/boa/core/engine/src/jit/arithmetic.rs,549,17,writeln!...,39
engine/boa/core/engine/src/jit/arithmetic.rs,551,21,...::format_args_nl!...,23
engine/boa/core/engine/src/jit/arithmetic.rs,568,17,...::panic_2021!...,15
engine/boa/core/engine/src/jit/arithmetic.rs,568,17,debug_assert!...,69
engine/boa/core/engine/src/jit/arithmetic.rs,568,17,...::cfg!...,1
engine/boa/core/engine/src/jit/arithmetic.rs,568,31,...::assert!...,44
engine/boa/core/engine/src/jit/arithmetic.rs,655,13,unreachable!...,79
engine/boa/core/engine/src/jit/arithmetic.rs,655,26,...::format_args!...,2
engine/boa/core/engine/src/jit/arithmetic.rs,655,26,...::panic_2021!...,40
engine/boa/core/engine/src/jit/arithmetic.rs,655,26,...::unreachable_2021!...,65
engine/boa/core/engine/src/jit/arithmetic.rs,655,26,...::panic!...,54
engine/boa/core/engine/src/jit/arithmetic.rs,655,26,...::const_format_args!...,14
engine/boa/core/engine/src/jit/arithmetic.rs,669,9,...::panic_2021!...,15
engine/boa/core/engine/src/jit/arithmetic.rs,669,9,debug_assert!...,75
engine/boa/core/engine/src/jit/arithmetic.rs,669,9,...::cfg!...,1
engine/boa/core/engine/src/jit/arithmetic.rs,669,23,...::assert!...,50
engine/boa/core/engine/src/jit/arithmetic.rs,670,9,...::panic_2021!...,15
engine/boa/core/engine/src/jit/arithmetic.rs,670,9,debug_assert!...,75
engine/boa/core/engine/src/jit/arithmetic.rs,670,9,...::cfg!...,1
engine/boa/core/engine/src/jit/arithmetic.rs,670,23,...::assert!...,50
engine/boa/core/engine/src/jit/arithmetic.rs,683,36,vec!...,33
engine/boa/core/engine/src/jit/arithmetic.rs,692,31,vec!...,21
engine/boa/core/engine/src/jit/arithmetic.rs,877,30,unreachable!...,71
engine/boa/core/engine/src/jit/arithmetic.rs,877,43,...::format_args!...,2
engine/boa/core/engine/src/jit/arithmetic.rs,877,43,...::panic_2021!...,38
engine/boa/core/engine/src/jit/arithmetic.rs,877,43,...::unreachable_2021!...,59
engine/boa/core/engine/src/jit/arithmetic.rs,877,43,...::panic!...,50
engine/boa/core/engine/src/jit/arithmetic.rs,877,43,...::const_format_args!...,14
engine/boa/core/engine/src/jit/arithmetic.rs,926,9,assert!...,59
engine/boa/core/engine/src/jit/arithmetic.rs,928,13,...::panic_2021!...,28
engine/boa/core/engine/src/jit/arithmetic.rs,928,13,...::const_format_args!...,2
engine/boa/core/engine/src/jit/arithmetic.rs,948,1,thread_local!...,291
engine/boa/core/engine/src/jit/arithmetic.rs,950,5,...::thread_local_process_attrs!...,276
engine/boa/core/engine/src/jit/arithmetic.rs,950,37,...::thread_local_inner!...,225
engine/boa/core/engine/src/jit/arithmetic.rs,1037,12,matches!...,25
engine/boa/core/engine/src/jit/arithmetic.rs,1144,40,matches!...,25
engine/boa/core/engine/src/jit/arithmetic.rs,1145,40,matches!...,25
engine/boa/core/engine/src/jit/arithmetic.rs,1182,13,matches!...,25
engine/boa/core/engine/src/jit/arithmetic.rs,1249,34,vec!...,37
engine/boa/core/engine/src/jit/arithmetic.rs,1259,12,matches!...,27
engine/boa/core/engine/src/jit/arithmetic.rs,1356,26,format!...,48
engine/boa/core/engine/src/jit/arithmetic.rs,1356,34,...::format_args!...,10
engine/boa/core/engine/src/jit/arithmetic.rs,1363,65,format_args!...,3
engine/boa/core/engine/src/jit/arithmetic.rs,1367,26,format!...,42
engine/boa/core/engine/src/jit/arithmetic.rs,1368,17,...::format_args!...,4
engine/boa/core/engine/src/jit/arithmetic.rs,1378,31,matches!...,25
engine/boa/core/engine/src/jit/arithmetic.rs,1381,13,assert_eq!...,124
engine/boa/core/engine/src/jit/arithmetic.rs,1397,13,assert!...,48
engine/boa/core/engine/src/jit/arithmetic.rs,1397,13,...::panic_2021!...,15
engine/boa/core/engine/src/jit/arithmetic.rs,1398,13,assert_eq!...,101
engine/boa/core/engine/src/jit/arithmetic.rs,1399,13,assert!...,46
engine/boa/core/engine/src/jit/arithmetic.rs,1399,13,...::panic_2021!...,15
engine/boa/core/engine/src/jit/arithmetic.rs,1400,13,assert_eq!...,107
engine/boa/core/engine/src/jit/arithmetic.rs,1401,13,assert_eq!...,136
engine/boa/core/engine/src/jit/arithmetic.rs,1409,13,assert_eq!...,130
engine/boa/core/engine/src/jit/arithmetic.rs,1417,13,eprintln!...,41
engine/boa/core/engine/src/jit/arithmetic.rs,1418,17,...::format_args_nl!...,15
engine/boa/core/engine/src/jit/arithmetic.rs,1422,13,assert_eq!...,129
engine/boa/core/engine/src/jit/arithmetic.rs,1429,13,assert!...,48
engine/boa/core/engine/src/jit/arithmetic.rs,1429,13,...::panic_2021!...,15
engine/boa/core/engine/src/jit/arithmetic.rs,1443,17,assert!...,47
engine/boa/core/engine/src/jit/arithmetic.rs,1443,17,...::panic_2021!...,15
engine/boa/core/engine/src/jit/arithmetic.rs,1444,17,assert_eq!...,129
engine/boa/core/engine/src/jit/arithmetic.rs,1451,17,assert!...,48
engine/boa/core/engine/src/jit/arithmetic.rs,1451,17,...::panic_2021!...,15
engine/boa/core/engine/src/jit/arithmetic.rs,1464,13,vec!...,58
engine/boa/core/engine/src/jit/arithmetic.rs,1470,13,vec!...,58
engine/boa/core/engine/src/jit/arithmetic.rs,1476,13,vec!...,58
engine/boa/core/engine/src/jit/arithmetic.rs,1478,9,assert_eq!...,111
engine/boa/core/engine/src/jit/arithmetic.rs,1479,9,assert_eq!...,110
engine/boa/core/engine/src/jit/arithmetic.rs,1480,9,assert_eq!...,111
engine/boa/core/engine/src/jit/arithmetic.rs,1481,9,assert_eq!...,108
engine/boa/core/engine/src/jit/arithmetic.rs,1482,57,vec!...,49
engine/boa/core/engine/src/jit/arithmetic.rs,1483,9,assert_eq!...,107
engine/boa/core/engine/src/jit/arithmetic.rs,1484,9,assert_eq!...,111
engine/boa/core/engine/src/jit/arithmetic.rs,1494,17,panic!...,38
engine/boa/core/engine/src/jit/arithmetic.rs,1494,24,...::panic_2021!...,26
engine/boa/core/engine/src/jit/arithmetic.rs,1494,24,...::const_format_args!...,2
engine/boa/core/engine/src/jit/arithmetic.rs,1502,26,vec!...,24
engine/boa/core/engine/src/jit/arithmetic.rs,1503,25,vec!...,17
engine/boa/core/engine/src/jit/arithmetic.rs,1509,21,panic!...,38
engine/boa/core/engine/src/jit/arithmetic.rs,1509,28,...::panic_2021!...,26
engine/boa/core/engine/src/jit/arithmetic.rs,1509,28,...::const_format_args!...,2
engine/boa/core/engine/src/jit/arithmetic.rs,1512,13,assert!...,44
engine/boa/core/engine/src/jit/arithmetic.rs,1512,13,...::panic_2021!...,15
engine/boa/core/engine/src/jit/arithmetic.rs,1513,13,assert_eq!...,98
engine/boa/core/engine/src/jit/arithmetic.rs,1514,13,assert_eq!...,97
engine/boa/core/engine/src/jit/arithmetic.rs,1515,13,assert_eq!...,97
engine/boa/core/engine/src/jit/arithmetic.rs,1539,9,assert_eq!...,100
engine/boa/core/engine/src/jit/arithmetic.rs,1540,9,assert_eq!...,100
engine/boa/core/engine/src/jit/arithmetic.rs,1541,9,assert_eq!...,97
engine/boa/core/engine/src/jit/arithmetic.rs,1542,9,assert_eq!...,97
engine/boa/core/engine/src/jit/arithmetic.rs,1553,9,assert_eq!...,105
engine/boa/core/engine/src/jit/arithmetic.rs,1555,9,assert!...,59
engine/boa/core/engine/src/jit/arithmetic.rs,1555,52,...::panic_2021!...,29
engine/boa/core/engine/src/jit/arithmetic.rs,1555,52,...::const_format_args!...,3
engine/boa/core/engine/src/jit/arithmetic.rs,1556,9,assert_eq!...,97
engine/boa/core/engine/src/jit/arithmetic.rs,1557,9,assert_eq!...,97
engine/boa/core/engine/src/jit/arithmetic.rs,1624,9,assert_eq!...,107
engine/boa/core/engine/src/jit/arithmetic.rs,1625,9,assert!...,51
engine/boa/core/engine/src/jit/arithmetic.rs,1625,9,...::panic_2021!...,15
engine/boa/core/engine/src/jit/arithmetic.rs,1626,9,assert!...,60
engine/boa/core/engine/src/jit/arithmetic.rs,1628,13,...::panic_2021!...,28
engine/boa/core/engine/src/jit/arithmetic.rs,1628,13,...::const_format_args!...,2
engine/boa/core/engine/src/jit/arithmetic.rs,1630,9,assert!...,61
engine/boa/core/engine/src/jit/arithmetic.rs,1630,9,...::panic_2021!...,15
engine/boa/core/engine/src/jit/arithmetic.rs,1635,9,assert_eq!...,99
engine/boa/core/engine/src/jit/arithmetic.rs,1655,9,assert_eq!...,105
engine/boa/core/engine/src/jit/arithmetic.rs,1657,9,assert!...,59
engine/boa/core/engine/src/jit/arithmetic.rs,1657,54,...::panic_2021!...,29
engine/boa/core/engine/src/jit/arithmetic.rs,1657,54,...::const_format_args!...,3
engine/boa/core/engine/src/jit/arithmetic.rs,1658,9,assert!...,59
engine/boa/core/engine/src/jit/arithmetic.rs,1658,52,...::panic_2021!...,29
engine/boa/core/engine/src/jit/arithmetic.rs,1658,52,...::const_format_args!...,3
engine/boa/core/engine/src/jit/arithmetic.rs,1667,26,vec!...,76
engine/boa/core/engine/src/jit/arithmetic.rs,1669,9,assert_eq!...,131
engine/boa/core/engine/src/jit/arithmetic.rs,1673,9,assert_eq!...,104
engine/boa/core/engine/src/jit/arithmetic.rs,1674,9,assert_eq!...,104
engine/boa/core/engine/src/jit/arithmetic.rs,1675,9,assert_eq!...,94
engine/boa/core/engine/src/jit/arithmetic.rs,1676,9,assert!...,51
engine/boa/core/engine/src/jit/arithmetic.rs,1676,9,...::panic_2021!...,15
engine/boa/core/engine/src/jit/arithmetic.rs,1677,9,assert!...,71
engine/boa/core/engine/src/jit/arithmetic.rs,1677,9,...::panic_2021!...,15
engine/boa/core/engine/src/jit/arithmetic.rs,1683,9,assert!...,71
engine/boa/core/engine/src/jit/arithmetic.rs,1683,9,...::panic_2021!...,15
engine/boa/core/engine/src/jit/arithmetic.rs,1689,9,assert!...,69
engine/boa/core/engine/src/jit/arithmetic.rs,1689,9,...::panic_2021!...,15
engine/boa/core/engine/src/jit/arithmetic.rs,1726,25,...::js_string!...,73
engine/boa/core/engine/src/jit/arithmetic.rs,1726,43,...::js_str!...,26
engine/boa/core/engine/src/jit/arithmetic.rs,1738,21,assert!...,60
engine/boa/core/engine/src/jit/arithmetic.rs,1740,25,...::panic_2021!...,30
engine/boa/core/engine/src/jit/arithmetic.rs,1740,25,...::const_format_args!...,4
engine/boa/core/engine/src/jit/arithmetic.rs,1743,21,assert_eq!...,97
engine/boa/core/engine/src/jit/arithmetic.rs,1747,13,assert_eq!...,117
engine/boa/core/engine/src/jit/arithmetic.rs,1747,48,...::format_args!...,3
engine/boa/core/engine/src/jit/arithmetic.rs,1768,13,assert_eq!...,113
engine/boa/core/engine/src/jit/arithmetic.rs,1770,13,assert_eq!...,100
engine/boa/core/engine/src/jit/arithmetic.rs,1772,17,eprintln!...,56
engine/boa/core/engine/src/jit/arithmetic.rs,1773,21,...::format_args_nl!...,30
engine/boa/core/engine/src/jit/arithmetic.rs,1784,39,vec!...,58
engine/boa/core/engine/src/jit/arithmetic.rs,1789,17,vec!...,58
engine/boa/core/engine/src/jit/arithmetic.rs,1791,40,vec!...,58
engine/boa/core/engine/src/jit/arithmetic.rs,1796,17,vec!...,67
engine/boa/core/engine/src/jit/arithmetic.rs,1799,9,assert_eq!...,118
engine/boa/core/engine/src/jit/arithmetic.rs,1811,26,vec!...,76
engine/boa/core/engine/src/jit/arithmetic.rs,1824,9,assert!...,78
engine/boa/core/engine/src/jit/arithmetic.rs,1824,9,...::panic_2021!...,15
engine/boa/core/engine/src/jit/arithmetic.rs,1824,17,matches!...,35
engine/boa/core/engine/src/jit/arithmetic.rs,1832,26,vec!...,77
engine/boa/core/engine/src/jit/arithmetic.rs,1834,9,assert!...,103
engine/boa/core/engine/src/jit/arithmetic.rs,1834,9,...::panic_2021!...,15
engine/boa/core/engine/src/jit/arithmetic.rs,1834,17,matches!...,60
engine/boa/core/engine/src/jit/arithmetic.rs,1857,9,assert_eq!...,105
engine/boa/core/engine/src/jit/arithmetic.rs,1859,9,assert_eq!...,97
engine/boa/core/engine/src/jit/arithmetic.rs,1860,9,assert!...,45
engine/boa/core/engine/src/jit/arithmetic.rs,1860,9,...::panic_2021!...,15
engine/boa/core/engine/src/jit/arithmetic.rs,1861,9,assert!...,45
engine/boa/core/engine/src/jit/arithmetic.rs,1861,9,...::panic_2021!...,15
engine/boa/core/engine/src/jit/arithmetic.rs,1862,9,assert!...,45
engine/boa/core/engine/src/jit/arithmetic.rs,1862,9,...::panic_2021!...,15
engine/boa/core/engine/src/jit/arithmetic.rs,1881,34,matches!...,25
engine/boa/core/engine/src/jit/arithmetic.rs,1886,9,assert_eq!...,113
engine/boa/core/engine/src/jit/arithmetic.rs,1889,9,assert!...,59
engine/boa/core/engine/src/jit/arithmetic.rs,1891,13,...::panic_2021!...,28
engine/boa/core/engine/src/jit/arithmetic.rs,1891,13,...::const_format_args!...,2
engine/boa/core/engine/src/jit/arithmetic.rs,1894,9,assert_eq!...,97
engine/boa/core/engine/src/jit/arithmetic.rs,1895,9,assert_eq!...,97
engine/boa/core/engine/src/jit/arithmetic.rs,1896,9,assert!...,45
engine/boa/core/engine/src/jit/arithmetic.rs,1896,9,...::panic_2021!...,15
engine/boa/core/engine/src/jit/arithmetic.rs,1897,9,assert!...,45
engine/boa/core/engine/src/jit/arithmetic.rs,1897,9,...::panic_2021!...,15
engine/boa/core/engine/src/jit/arithmetic.rs,1898,9,assert!...,45
engine/boa/core/engine/src/jit/arithmetic.rs,1898,9,...::panic_2021!...,15
engine/boa/core/engine/src/jit/arithmetic.rs,1900,9,assert_eq!...,104
engine/boa/core/engine/src/jit/arithmetic.rs,1901,9,assert_eq!...,97
engine/boa/core/engine/src/jit/arithmetic.rs,1902,9,assert!...,45
engine/boa/core/engine/src/jit/arithmetic.rs,1902,9,...::panic_2021!...,15
engine/boa/core/engine/src/jit/arithmetic.rs,1920,9,assert_eq!...,105
engine/boa/core/engine/src/jit/arithmetic.rs,1921,9,assert!...,59
engine/boa/core/engine/src/jit/arithmetic.rs,1923,13,...::panic_2021!...,28
engine/boa/core/engine/src/jit/arithmetic.rs,1923,13,...::const_format_args!...,2
engine/boa/core/engine/src/jit/arithmetic.rs,1926,9,assert_eq!...,97
engine/boa/core/engine/src/jit/arithmetic.rs,1927,9,assert!...,45
engine/boa/core/engine/src/jit/arithmetic.rs,1927,9,...::panic_2021!...,15
engine/boa/core/engine/src/jit/arithmetic.rs,1928,9,assert_eq!...,97
engine/boa/core/engine/src/jit/arithmetic.rs,1940,13,assert_eq!...,191
engine/boa/core/engine/src/jit/arithmetic.rs,1940,45,...::js_string!...,79
engine/boa/core/engine/src/jit/arithmetic.rs,1940,63,...::js_str!...,32
engine/boa/core/engine/src/jit/arithmetic.rs,1944,17,assert!...,59
engine/boa/core/engine/src/jit/arithmetic.rs,1944,59,...::panic_2021!...,29
engine/boa/core/engine/src/jit/arithmetic.rs,1944,59,...::const_format_args!...,3
engine/boa/core/engine/src/jit/arithmetic.rs,1945,17,assert!...,59
engine/boa/core/engine/src/jit/arithmetic.rs,1945,54,...::panic_2021!...,29
engine/boa/core/engine/src/jit/arithmetic.rs,1945,54,...::const_format_args!...,3
engine/boa/core/engine/src/jit/arithmetic.rs,1946,17,assert!...,59
engine/boa/core/engine/src/jit/arithmetic.rs,1946,60,...::panic_2021!...,29
engine/boa/core/engine/src/jit/arithmetic.rs,1946,60,...::const_format_args!...,3
engine/boa/core/engine/src/jit/arithmetic.rs,1948,17,assert_eq!...,97
engine/boa/core/engine/src/jit/arithmetic.rs,1951,9,assert_eq!...,103
engine/boa/core/engine/src/jit/arithmetic.rs,1968,9,assert_eq!...,105
engine/boa/core/engine/src/jit/arithmetic.rs,1970,9,assert!...,60
engine/boa/core/engine/src/jit/arithmetic.rs,1972,13,...::panic_2021!...,29
engine/boa/core/engine/src/jit/arithmetic.rs,1972,13,...::const_format_args!...,3
engine/boa/core/engine/src/jit/arithmetic.rs,1974,9,assert_eq!...,97
engine/boa/core/engine/src/jit/arithmetic.rs,1975,9,assert!...,45
engine/boa/core/engine/src/jit/arithmetic.rs,1975,9,...::panic_2021!...,15
engine/boa/core/engine/src/jit/arithmetic.rs,1976,9,assert_eq!...,97
engine/boa/core/engine/src/jit/arithmetic.rs,1993,9,assert_eq!...,105
engine/boa/core/engine/src/jit/arithmetic.rs,1995,9,assert!...,45
engine/boa/core/engine/src/jit/arithmetic.rs,1995,9,...::panic_2021!...,15
engine/boa/core/engine/src/jit/arithmetic.rs,1996,9,assert!...,45
engine/boa/core/engine/src/jit/arithmetic.rs,1996,9,...::panic_2021!...,15
engine/boa/core/engine/src/jit/arithmetic.rs,1997,9,assert!...,45
engine/boa/core/engine/src/jit/arithmetic.rs,1997,9,...::panic_2021!...,15
engine/boa/core/engine/src/jit/arithmetic.rs,1998,9,assert!...,45
engine/boa/core/engine/src/jit/arithmetic.rs,1998,9,...::panic_2021!...,15
engine/boa/core/engine/src/jit/arithmetic.rs,2016,9,assert_eq!...,105
engine/boa/core/engine/src/jit/arithmetic.rs,2018,9,assert!...,45
engine/boa/core/engine/src/jit/arithmetic.rs,2018,9,...::panic_2021!...,15
engine/boa/core/engine/src/jit/arithmetic.rs,2019,9,assert!...,45
engine/boa/core/engine/src/jit/arithmetic.rs,2019,9,...::panic_2021!...,15
engine/boa/core/engine/src/jit/arithmetic.rs,2037,34,matches!...,25
engine/boa/core/engine/src/jit/arithmetic.rs,2040,9,assert_eq!...,116
engine/boa/core/engine/src/jit/arithmetic.rs,2054,9,assert_eq!...,105
engine/boa/core/engine/src/jit/arithmetic.rs,2055,9,assert_eq!...,113
engine/boa/core/engine/src/jit/arithmetic.rs,2058,13,...::format_args!...,2
engine/boa/core/engine/src/jit/arithmetic.rs,2060,9,assert!...,57
engine/boa/core/engine/src/jit/arithmetic.rs,2060,9,...::panic_2021!...,15
engine/boa/core/engine/src/jit/arithmetic.rs,2077,9,assert_eq!...,105
engine/boa/core/engine/src/jit/arithmetic.rs,2079,9,assert_eq!...,97
engine/boa/core/engine/src/jit/arithmetic.rs,2080,9,assert!...,45
engine/boa/core/engine/src/jit/arithmetic.rs,2080,9,...::panic_2021!...,15
engine/boa/core/engine/src/jit/arithmetic.rs,2098,9,assert_eq!...,97
engine/boa/core/engine/src/jit/arithmetic.rs,2099,9,assert!...,48
engine/boa/core/engine/src/jit/arithmetic.rs,2099,9,...::panic_2021!...,15
engine/boa/core/engine/src/jit/arithmetic.rs,2116,9,assert_eq!...,105
engine/boa/core/engine/src/jit/arithmetic.rs,2118,9,assert!...,45
engine/boa/core/engine/src/jit/arithmetic.rs,2118,9,...::panic_2021!...,15
engine/boa/core/engine/src/jit/arithmetic.rs,2119,9,assert!...,45
engine/boa/core/engine/src/jit/arithmetic.rs,2119,9,...::panic_2021!...,15
engine/boa/core/engine/src/jit/arithmetic.rs,2134,9,assert!...,65
engine/boa/core/engine/src/jit/arithmetic.rs,2134,9,...::panic_2021!...,15
engine/boa/core/engine/src/jit/arithmetic.rs,2137,9,assert_eq!...,113
engine/boa/core/engine/src/jit/arithmetic.rs,2140,9,assert_eq!...,97
engine/boa/core/engine/src/jit/arithmetic.rs,2141,9,assert_eq!...,97
engine/boa/core/engine/src/jit/arithmetic.rs,2167,13,assert_eq!...,113
engine/boa/core/engine/src/jit/arithmetic.rs,2168,13,assert!...,43
engine/boa/core/engine/src/jit/arithmetic.rs,2168,13,...::panic_2021!...,15
engine/boa/core/engine/src/jit/arithmetic.rs,2171,17,assert!...,59
engine/boa/core/engine/src/jit/arithmetic.rs,2171,60,...::panic_2021!...,29
engine/boa/core/engine/src/jit/arithmetic.rs,2171,60,...::const_format_args!...,3
engine/boa/core/engine/src/jit/arithmetic.rs,2172,17,assert!...,59
engine/boa/core/engine/src/jit/arithmetic.rs,2172,62,...::panic_2021!...,29
engine/boa/core/engine/src/jit/arithmetic.rs,2172,62,...::const_format_args!...,3
engine/boa/core/engine/src/jit/arithmetic.rs,2173,17,assert!...,59
engine/boa/core/engine/src/jit/arithmetic.rs,2173,60,...::panic_2021!...,29
engine/boa/core/engine/src/jit/arithmetic.rs,2173,60,...::const_format_args!...,3
engine/boa/core/engine/src/jit/arithmetic.rs,2175,17,assert_eq!...,97
engine/boa/core/engine/src/jit/arithmetic.rs,2177,13,assert_eq!...,102
engine/boa/core/engine/src/jit/arithmetic.rs,2187,9,assert!...,45
engine/boa/core/engine/src/jit/arithmetic.rs,2187,9,...::panic_2021!...,15
engine/boa/core/engine/src/jit/arithmetic.rs,2188,9,assert!...,45
engine/boa/core/engine/src/jit/arithmetic.rs,2188,9,...::panic_2021!...,15
engine/boa/core/engine/src/jit/arithmetic.rs,2189,9,assert!...,45
engine/boa/core/engine/src/jit/arithmetic.rs,2189,9,...::panic_2021!...,15
engine/boa/core/engine/src/jit/arithmetic.rs,2190,9,assert!...,45
engine/boa/core/engine/src/jit/arithmetic.rs,2190,9,...::panic_2021!...,15
engine/boa/core/engine/src/jit/arithmetic.rs,2191,9,assert!...,45
engine/boa/core/engine/src/jit/arithmetic.rs,2191,9,...::panic_2021!...,15
engine/boa/core/engine/src/jit/arithmetic.rs,2193,9,assert!...,45
engine/boa/core/engine/src/jit/arithmetic.rs,2193,9,...::panic_2021!...,15
engine/boa/core/engine/src/jit/arithmetic.rs,2195,9,assert!...,30
engine/boa/core/engine/src/jit/arithmetic.rs,2195,9,...::panic_2021!...,0
engine/boa/core/engine/src/jit/arithmetic.rs,2196,9,assert_eq!...,101
engine/boa/core/engine/src/jit/arithmetic.rs,2198,9,assert_eq!...,101
engine/boa/core/engine/src/jit/arithmetic.rs,2199,9,assert_eq!...,101
engine/boa/core/engine/src/jit/arithmetic.rs,2202,9,assert!...,45
engine/boa/core/engine/src/jit/arithmetic.rs,2202,9,...::panic_2021!...,15
engine/boa/core/engine/src/jit/arithmetic.rs,2210,17,...::js_string!...,77
engine/boa/core/engine/src/jit/arithmetic.rs,2210,35,...::js_str!...,30
engine/boa/core/engine/src/jit/arithmetic.rs,2212,68,panic!...,38
engine/boa/core/engine/src/jit/arithmetic.rs,2212,75,...::panic_2021!...,26
engine/boa/core/engine/src/jit/arithmetic.rs,2212,75,...::const_format_args!...,2
engine/boa/core/engine/src/jit/arithmetic.rs,2223,9,assert!...,44
engine/boa/core/engine/src/jit/arithmetic.rs,2223,9,...::panic_2021!...,15
engine/boa/core/engine/src/jit/arithmetic.rs,2224,9,assert_eq!...,102
engine/boa/core/engine/src/jit/arithmetic.rs,2225,9,assert_eq!...,104
engine/boa/core/engine/src/jit/arithmetic.rs,2226,9,assert_eq!...,100
engine/boa/core/engine/src/jit/arithmetic.rs,2227,9,assert_eq!...,121
engine/boa/core/engine/src/jit/arithmetic.rs,2251,17,assert!...,44
engine/boa/core/engine/src/jit/arithmetic.rs,2251,17,...::panic_2021!...,15
engine/boa/core/engine/src/jit/arithmetic.rs,2252,17,assert_eq!...,108
engine/boa/core/engine/src/jit/arithmetic.rs,2254,21,assert!...,51
engine/boa/core/engine/src/jit/arithmetic.rs,2254,21,...::panic_2021!...,15
engine/boa/core/engine/src/jit/arithmetic.rs,2256,17,assert_eq!...,100
engine/boa/core/engine/src/jit/arithmetic.rs,2258,17,assert_eq!...,121
engine/boa/core/engine/src/jit/arithmetic.rs,2285,9,assert_eq!...,113
engine/boa/core/engine/src/jit/arithmetic.rs,2286,9,assert!...,48
engine/boa/core/engine/src/jit/arithmetic.rs,2286,9,...::panic_2021!...,15
engine/boa/core/engine/src/jit/arithmetic.rs,2303,9,assert_eq!...,105
engine/boa/core/engine/src/jit/arithmetic.rs,2319,9,assert!...,44
engine/boa/core/engine/src/jit/arithmetic.rs,2319,9,...::panic_2021!...,15
engine/boa/core/engine/src/jit/arithmetic.rs,2320,9,assert!...,48
engine/boa/core/engine/src/jit/arithmetic.rs,2320,9,...::panic_2021!...,15
engine/boa/core/engine/src/jit/arithmetic.rs,2337,9,assert_eq!...,106
engine/boa/core/engine/src/jit/arithmetic.rs,2338,9,assert!...,59
engine/boa/core/engine/src/jit/arithmetic.rs,2340,13,...::panic_2021!...,28
engine/boa/core/engine/src/jit/arithmetic.rs,2340,13,...::const_format_args!...,2
engine/boa/core/engine/src/jit/arithmetic.rs,2359,9,assert_eq!...,116
engine/boa/core/engine/src/jit/arithmetic.rs,2361,9,assert_eq!...,97
engine/boa/core/engine/src/jit/arithmetic.rs,2362,9,assert_eq!...,97
engine/boa/core/engine/src/jit/arithmetic.rs,2363,9,assert!...,45
engine/boa/core/engine/src/jit/arithmetic.rs,2363,9,...::panic_2021!...,15
engine/boa/core/engine/src/jit/arithmetic.rs,2364,9,assert!...,45
engine/boa/core/engine/src/jit/arithmetic.rs,2364,9,...::panic_2021!...,15
engine/boa/core/engine/src/jit/arithmetic.rs,2388,9,assert_eq!...,97
engine/boa/core/engine/src/jit/arithmetic.rs,2390,9,assert!...,45
engine/boa/core/engine/src/jit/arithmetic.rs,2390,9,...::panic_2021!...,15
engine/boa/core/engine/src/jit/arithmetic.rs,2391,9,assert!...,45
engine/boa/core/engine/src/jit/arithmetic.rs,2391,9,...::panic_2021!...,15
engine/boa/core/engine/src/jit/arithmetic.rs,2392,9,assert!...,45
engine/boa/core/engine/src/jit/arithmetic.rs,2392,9,...::panic_2021!...,15
engine/boa/core/engine/src/jit/arithmetic.rs,2399,9,assert!...,53
engine/boa/core/engine/src/jit/arithmetic.rs,2399,9,...::panic_2021!...,15
engine/boa/core/engine/src/jit/arithmetic.rs,2406,9,assert!...,80
engine/boa/core/engine/src/jit/arithmetic.rs,2406,9,...::panic_2021!...,15
engine/boa/core/engine/src/jit/arithmetic.rs,2437,9,assert_eq!...,131
engine/boa/core/engine/src/jit/arithmetic.rs,2445,9,assert!...,47
engine/boa/core/engine/src/jit/arithmetic.rs,2445,9,...::panic_2021!...,15
engine/boa/core/engine/src/jit/mod.rs,99,47,write!...,19
engine/boa/core/engine/src/jit/mod.rs,99,65,...::format_args!...,3
engine/boa/core/engine/src/jit/mod.rs,100,32,write!...,19
engine/boa/core/engine/src/jit/mod.rs,100,50,...::format_args!...,3
engine/boa/core/engine/src/jit/mod.rs,278,9,...::cfg!...,1
engine/boa/core/engine/src/jit/mod.rs,278,9,debug_assert_eq!...,127
engine/boa/core/engine/src/jit/mod.rs,278,26,...::assert_eq!...,102
engine/boa/core/engine/src/jit/mod.rs,310,26,format!...,75
engine/boa/core/engine/src/jit/mod.rs,311,13,...::format_args!...,37
engine/boa/core/engine/src/jit/mod.rs,343,9,assert_eq!...,106
engine/boa/core/engine/src/jit/mod.rs,348,9,assert_eq!...,101
engine/boa/core/engine/src/jit/mod.rs,349,9,assert!...,43
engine/boa/core/engine/src/jit/mod.rs,349,9,...::panic_2021!...,15
engine/boa/core/engine/src/jit/mod.rs,352,13,eprintln!...,29
engine/boa/core/engine/src/jit/mod.rs,352,23,...::format_args_nl!...,3
engine/boa/core/engine/src/jit/mod.rs,354,9,assert!...,48
engine/boa/core/engine/src/jit/mod.rs,354,9,...::panic_2021!...,15
engine/boa/core/engine/src/jit/mod.rs,356,9,assert!...,30
engine/boa/core/engine/src/jit/mod.rs,356,9,...::panic_2021!...,0
engine/boa/core/engine/src/jit/mod.rs,364,9,assert!...,79
engine/boa/core/engine/src/jit/mod.rs,364,9,...::panic_2021!...,15
engine/boa/core/engine/src/jit/mod.rs,364,17,matches!...,36
engine/boa/core/engine/src/jit/mod.rs,368,9,assert_eq!...,106
engine/boa/core/engine/src/jit/mod.rs,369,9,assert!...,51
engine/boa/core/engine/src/jit/mod.rs,369,9,...::panic_2021!...,15
engine/boa/core/engine/src/jit/mod.rs,370,9,assert!...,51
engine/boa/core/engine/src/jit/mod.rs,370,9,...::panic_2021!...,15
engine/boa/core/engine/src/jit/mod.rs,371,9,assert!...,79
engine/boa/core/engine/src/jit/mod.rs,371,9,...::panic_2021!...,15
engine/boa/core/engine/src/jit/mod.rs,371,17,matches!...,36
engine/boa/core/engine/src/jit/mod.rs,385,9,assert_eq!...,106
engine/boa/core/engine/src/jit/mod.rs,389,9,assert_eq!...,106
engine/boa/core/engine/src/jit/mod.rs,395,9,assert!...,79
engine/boa/core/engine/src/jit/mod.rs,395,9,...::panic_2021!...,15
engine/boa/core/engine/src/jit/mod.rs,395,17,matches!...,36
engine/boa/core/engine/src/jit/mod.rs,399,9,assert!...,79
engine/boa/core/engine/src/jit/mod.rs,399,9,...::panic_2021!...,15
engine/boa/core/engine/src/jit/mod.rs,399,17,matches!...,36
engine/boa/core/engine/src/jit/mod.rs,404,9,assert_eq!...,106
engine/boa/core/engine/src/jit/runtime_call.rs,76,33,write!...,19
engine/boa/core/engine/src/jit/runtime_call.rs,76,51,...::format_args!...,3
engine/boa/core/engine/src/jit/runtime_call.rs,77,62,write!...,20
engine/boa/core/engine/src/jit/runtime_call.rs,79,17,...::format_args!...,4
engine/boa/core/engine/src/jit/runtime_call.rs,84,67,write!...,20
engine/boa/core/engine/src/jit/runtime_call.rs,86,17,...::format_args!...,4
engine/boa/core/engine/src/jit/runtime_call.rs,189,9,assert_eq!...,112
engine/boa/core/engine/src/jit/runtime_call.rs,191,13,assert_eq!...,105
engine/boa/core/engine/src/jit/runtime_call.rs,199,21,panic!...,42
engine/boa/core/engine/src/jit/runtime_call.rs,199,28,...::panic_2021!...,28
engine/boa/core/engine/src/jit/runtime_call.rs,199,28,...::const_format_args!...,2
engine/boa/core/engine/src/jit/runtime_call.rs,202,17,assert!...,48
engine/boa/core/engine/src/jit/runtime_call.rs,202,17,...::panic_2021!...,15
engine/boa/core/engine/src/jit/runtime_call.rs,222,1,...::const_assert!...,41
engine/boa/core/engine/src/jit/runtime_call.rs,222,34,offset_of!...,0
engine/boa/core/engine/src/jit/runtime_call.rs,540,17,matches!...,40
engine/boa/core/engine/src/jit/runtime_call.rs,548,13,assert!...,73
engine/boa/core/engine/src/jit/runtime_call.rs,548,13,...::panic_2021!...,15
engine/boa/core/engine/src/jit/runtime_call.rs,548,21,matches!...,30
engine/boa/core/engine/src/jit/runtime_call.rs,559,17,assert_eq!...,100
engine/boa/core/engine/src/jit/runtime_call.rs,580,13,assert_eq!...,100
engine/boa/core/engine/src/jit/runtime_call.rs,585,13,...::cfg!...,1
engine/boa/core/engine/src/jit/runtime_call.rs,585,13,debug_assert_eq!...,127
engine/boa/core/engine/src/jit/runtime_call.rs,585,30,...::assert_eq!...,102
engine/boa/core/engine/src/jit/runtime_call.rs,689,5,debug_assert!...,94
engine/boa/core/engine/src/jit/runtime_call.rs,689,5,...::cfg!...,1
engine/boa/core/engine/src/jit/runtime_call.rs,690,9,...::assert!...,69
engine/boa/core/engine/src/jit/runtime_call.rs,694,9,...::panic_2021!...,28
engine/boa/core/engine/src/jit/runtime_call.rs,694,9,...::const_format_args!...,2
engine/boa/core/engine/src/jit/runtime_call.rs,727,9,assert!...,50
engine/boa/core/engine/src/jit/runtime_call.rs,727,9,...::panic_2021!...,15
engine/boa/core/engine/src/jit/runtime_call.rs,729,9,assert!...,49
engine/boa/core/engine/src/jit/runtime_call.rs,729,9,...::panic_2021!...,15
engine/boa/core/engine/src/jit/runtime_call.rs,730,9,assert!...,46
engine/boa/core/engine/src/jit/runtime_call.rs,730,9,...::panic_2021!...,15
engine/boa/core/engine/src/jit/runtime_call.rs,731,9,assert_eq!...,99
engine/boa/core/engine/src/jit/runtime_call.rs,732,9,assert_eq!...,99
engine/boa/core/engine/src/jit/runtime_call.rs,733,9,assert!...,44
engine/boa/core/engine/src/jit/runtime_call.rs,733,9,...::panic_2021!...,15
engine/boa/core/engine/src/jit/runtime_call.rs,736,9,assert!...,45
engine/boa/core/engine/src/jit/runtime_call.rs,736,9,...::panic_2021!...,15
engine/boa/core/engine/src/jit/runtime_call.rs,741,9,assert!...,88
engine/boa/core/engine/src/jit/runtime_call.rs,741,9,...::panic_2021!...,15
engine/boa/core/engine/src/jit/runtime_call.rs,741,17,matches!...,45
engine/boa/core/engine/src/jit/runtime_call.rs,774,9,assert!...,44
engine/boa/core/engine/src/jit/runtime_call.rs,774,9,...::panic_2021!...,15
engine/boa/core/engine/src/jit/runtime_call.rs,783,9,assert_eq!...,112
engine/boa/core/engine/src/jit/runtime_call.rs,795,9,assert!...,50
engine/boa/core/engine/src/jit/runtime_call.rs,795,9,...::panic_2021!...,15
engine/boa/core/engine/src/jit/runtime_call.rs,796,9,assert_eq!...,100
engine/boa/core/engine/src/jit/runtime_call.rs,797,9,assert_eq!...,100
engine/boa/core/engine/src/jit/runtime_call.rs,798,9,assert_eq!...,100
engine/boa/core/engine/src/jit/runtime_call.rs,799,9,assert_eq!...,133
engine/boa/core/engine/src/jit/runtime_call.rs,808,9,assert_eq!...,115
engine/boa/core/engine/src/jit/runtime_call.rs,833,13,assert_eq!...,106
engine/boa/core/engine/src/jit/runtime_call.rs,834,13,assert!...,74
engine/boa/core/engine/src/jit/runtime_call.rs,834,13,...::panic_2021!...,15
engine/boa/core/engine/src/jit/runtime_call.rs,839,9,assert!...,55
engine/boa/core/engine/src/jit/runtime_call.rs,839,9,...::panic_2021!...,15
engine/boa/core/engine/src/jit/runtime_call.rs,841,9,assert!...,89
engine/boa/core/engine/src/jit/runtime_call.rs,841,9,...::panic_2021!...,15
engine/boa/core/engine/src/jit/runtime_call.rs,841,17,matches!...,46
engine/boa/core/engine/src/jit/runtime_call.rs,848,9,assert!...,50
engine/boa/core/engine/src/jit/runtime_call.rs,848,9,...::panic_2021!...,15
engine/boa/core/engine/src/jit/runtime_call.rs,849,9,assert_eq!...,104
engine/boa/core/engine/src/jit/runtime_call.rs,854,9,assert_eq!...,97
engine/boa/core/engine/src/jit/runtime_call.rs,855,9,assert_eq!...,97
engine/boa/core/engine/src/jit/runtime_call.rs,856,9,assert_eq!...,97
engine/boa/core/engine/src/jit/runtime_call.rs,857,9,assert_eq!...,97
engine/boa/core/engine/src/jit/runtime_call.rs,858,9,assert_eq!...,97
engine/boa/core/engine/src/jit/runtime_call.rs,859,9,assert_eq!...,97
engine/boa/core/engine/src/jit/runtime_call.rs,860,9,assert_eq!...,115
engine/boa/core/engine/src/jit/runtime_call.rs,864,9,assert!...,58
engine/boa/core/engine/src/jit/runtime_call.rs,864,9,...::panic_2021!...,15
engine/boa/core/engine/src/jit/runtime_call.rs,870,9,assert!...,110
engine/boa/core/engine/src/jit/runtime_call.rs,870,9,...::panic_2021!...,15
engine/boa/core/engine/src/jit/runtime_call.rs,870,17,matches!...,67
engine/boa/core/engine/src/jit/runtime_call.rs,884,9,assert_eq!...,121
engine/boa/core/engine/src/jit/runtime_call.rs,908,13,assert!...,62
engine/boa/core/engine/src/jit/runtime_call.rs,908,13,...::panic_2021!...,15
engine/boa/core/engine/src/jit/runtime_call.rs,909,13,assert!...,44
engine/boa/core/engine/src/jit/runtime_call.rs,909,13,...::panic_2021!...,15
engine/boa/core/engine/src/jit/runtime_call.rs,915,9,assert!...,62
engine/boa/core/engine/src/jit/runtime_call.rs,915,9,...::panic_2021!...,15
engine/boa/core/engine/src/jit/runtime_call.rs,916,9,assert!...,44
engine/boa/core/engine/src/jit/runtime_call.rs,916,9,...::panic_2021!...,15
engine/boa/core/engine/src/jit/runtime_call.rs,924,9,assert!...,45
engine/boa/core/engine/src/jit/runtime_call.rs,924,9,...::panic_2021!...,15
engine/boa/core/engine/src/jit/runtime_call.rs,956,17,js_string!...,77
engine/boa/core/engine/src/jit/runtime_call.rs,956,28,...::js_str!...,30
engine/boa/core/engine/src/jit/runtime_call.rs,963,17,js_string!...,83
engine/boa/core/engine/src/jit/runtime_call.rs,963,28,...::js_str!...,36
engine/boa/core/engine/src/jit/runtime_call.rs,977,9,assert_eq!...,101
engine/boa/core/engine/src/jit/runtime_call.rs,988,9,assert!...,44
engine/boa/core/engine/src/jit/runtime_call.rs,988,9,...::panic_2021!...,15
engine/boa/core/engine/src/jit/runtime_call.rs,989,9,assert_eq!...,98
engine/boa/core/engine/src/jit/runtime_call.rs,1013,18,js_string!...,71
engine/boa/core/engine/src/jit/runtime_call.rs,1013,29,...::js_str!...,24
engine/boa/core/engine/src/jit/runtime_call.rs,1021,9,assert!...,44
engine/boa/core/engine/src/jit/runtime_call.rs,1021,9,...::panic_2021!...,15
engine/boa/core/engine/src/jit/runtime_call.rs,1025,18,js_string!...,71
engine/boa/core/engine/src/jit/runtime_call.rs,1025,29,...::js_str!...,24
engine/boa/core/engine/src/jit/runtime_call.rs,1027,9,assert!...,44
engine/boa/core/engine/src/jit/runtime_call.rs,1027,9,...::panic_2021!...,15
engine/boa/core/engine/src/module/loader/mod.rs,77,17,js_string!...,96
engine/boa/core/engine/src/module/loader/mod.rs,77,28,...::js_str!...,49
engine/boa/core/engine/src/module/loader/mod.rs,86,13,js_string!...,91
engine/boa/core/engine/src/module/loader/mod.rs,86,24,...::js_str!...,44
engine/boa/core/engine/src/module/loader/mod.rs,99,25,js_string!...,97
engine/boa/core/engine/src/module/loader/mod.rs,99,36,...::js_str!...,50
engine/boa/core/engine/src/module/loader/mod.rs,113,13,js_string!...,97
engine/boa/core/engine/src/module/loader/mod.rs,113,24,...::js_str!...,50
engine/boa/core/engine/src/module/loader/mod.rs,214,10,Fn!...,9
engine/boa/core/engine/src/module/loader/mod.rs,214,14,...::__Fn!...,0
engine/boa/core/engine/src/module/loader/mod.rs,234,10,Fn!...,9
engine/boa/core/engine/src/module/loader/mod.rs,234,14,...::__Fn!...,0
engine/boa/core/engine/src/module/loader/mod.rs,239,9,from_fn!...,158
engine/boa/core/engine/src/module/loader/mod.rs,239,18,...::__from_fn!...,147
engine/boa/core/engine/src/module/loader/mod.rs,333,21,js_error!...,26
engine/boa/core/engine/src/module/loader/mod.rs,357,12,cfg!...,1
engine/boa/core/engine/src/module/loader/mod.rs,365,31,format!...,48
engine/boa/core/engine/src/module/loader/mod.rs,365,39,...::format_args!...,10
engine/boa/core/engine/src/module/loader/mod.rs,366,50,js_string!...,23
engine/boa/core/engine/src/module/loader/mod.rs,408,35,format!...,41
engine/boa/core/engine/src/module/loader/mod.rs,408,43,...::format_args!...,3
engine/boa/core/engine/src/module/loader/mod.rs,409,54,js_string!...,23
engine/boa/core/engine/src/module/loader/mod.rs,413,35,format!...,41
engine/boa/core/engine/src/module/loader/mod.rs,413,43,...::format_args!...,3
engine/boa/core/engine/src/module/loader/mod.rs,456,20,js_string!...,19
engine/boa/core/engine/src/module/loader/mod.rs,465,9,assert_eq!...,117
engine/boa/core/engine/src/module/loader/mod.rs,489,20,js_string!...,19
engine/boa/core/engine/src/module/loader/mod.rs,498,9,assert_eq!...,117
