file,line,column,macro,expanded_ast_nodes
src/lib.rs,12,1,...::const_assert!...,41
src/lib.rs,12,34,offset_of!...,0
src/lib.rs,13,1,...::const_assert!...,53
src/lib.rs,13,34,offset_of!...,0
src/lib.rs,21,1,...::const_assert!...,41
src/lib.rs,21,34,offset_of!...,0
src/lib.rs,31,10,Fn!...,9
src/lib.rs,31,14,...::__Fn!...,0
src/lib.rs,41,10,Fn!...,9
src/lib.rs,41,14,...::__Fn!...,0
src/lib.rs,46,9,from_fn!...,138
src/lib.rs,46,18,...::__from_fn!...,127
src/lib.rs,56,9,assert_eq!...,105
src/lib.rs,56,20,offset_of!...,8
src/lib.rs,57,9,assert_eq!...,118
src/lib.rs,57,20,offset_of!...,8
src/lib.rs,58,9,assert_eq!...,105
src/lib.rs,58,20,offset_of!...,8
src/lib.rs,75,26,...::pin!...,58
src/lib.rs,77,9,assert_eq!...,125
src/lib.rs,86,9,assert!...,45
src/lib.rs,86,9,...::panic_2021!...,15
src/lib.rs,88,9,assert!...,45
src/lib.rs,88,9,...::panic_2021!...,15
src/lib.rs,94,9,assert!...,51
src/lib.rs,94,9,...::panic_2021!...,15
