file,line,column,macro,before_AST,after_AST
docs/codeql/repros/macro-gaps/src/lib.rs,12,1,...::const_assert!...,41,41
docs/codeql/repros/macro-gaps/src/lib.rs,12,34,offset_of!...,0,0
docs/codeql/repros/macro-gaps/src/lib.rs,13,1,...::const_assert!...,53,53
docs/codeql/repros/macro-gaps/src/lib.rs,13,34,offset_of!...,0,0
docs/codeql/repros/macro-gaps/src/lib.rs,21,1,...::const_assert!...,41,41
docs/codeql/repros/macro-gaps/src/lib.rs,21,34,offset_of!...,0,0
docs/codeql/repros/macro-gaps/src/lib.rs,31,10,Fn!...,9,9
docs/codeql/repros/macro-gaps/src/lib.rs,31,14,...::__Fn!...,0,0
docs/codeql/repros/macro-gaps/src/lib.rs,41,10,Fn!...,9,9
docs/codeql/repros/macro-gaps/src/lib.rs,41,14,...::__Fn!...,0,0
docs/codeql/repros/macro-gaps/src/lib.rs,46,18,...::__from_fn!...,127,127
docs/codeql/repros/macro-gaps/src/lib.rs,46,9,from_fn!...,138,138
docs/codeql/repros/macro-gaps/src/lib.rs,56,20,offset_of!...,8,8
docs/codeql/repros/macro-gaps/src/lib.rs,56,9,assert_eq!...,105,107
docs/codeql/repros/macro-gaps/src/lib.rs,57,20,offset_of!...,8,8
docs/codeql/repros/macro-gaps/src/lib.rs,57,9,assert_eq!...,118,120
docs/codeql/repros/macro-gaps/src/lib.rs,58,20,offset_of!...,8,8
docs/codeql/repros/macro-gaps/src/lib.rs,58,9,assert_eq!...,105,107
docs/codeql/repros/macro-gaps/src/lib.rs,75,26,...::pin!...,58,58
docs/codeql/repros/macro-gaps/src/lib.rs,77,9,assert_eq!...,125,127
docs/codeql/repros/macro-gaps/src/lib.rs,86,9,...::panic_2021!...,15,15
docs/codeql/repros/macro-gaps/src/lib.rs,86,9,assert!...,45,45
docs/codeql/repros/macro-gaps/src/lib.rs,88,9,...::panic_2021!...,0,0
docs/codeql/repros/macro-gaps/src/lib.rs,88,9,assert!...,30,30
